mysql> USE CODEGNAN;
Database changed
mysql> SHOW TABLES;
+--------------------+
| Tables_in_codegnan |
+--------------------+
| codegnan_emp       |
+--------------------+
1 row in set (0.00 sec)

mysql> SELECT * FROM CODEGNAN_EMP;
+--------+------------+-----------+------+------------+-------------+---------+
| EMP_ID | FIRST_NAME | LAST_NAME | AGE  | DOJ        | ADDRESS     | DEPT    |
+--------+------------+-----------+------+------------+-------------+---------+
| E001   | JOHN       | DOE       |   20 | 2023-01-01 | 123 MAIN ST | IT      |
| E002   | JANE       | SMITH     |   30 | 2023-02-15 | 456 OAK ST  | HR      |
| E003   | BOB        | JOHNSON   |   35 | 2022-12-10 | 789 PINE ST | FINANCE |
+--------+------------+-----------+------+------------+-------------+---------+
3 rows in set (0.00 sec)

mysql> SELECT * FROM CODEGNAN_EMP WHERE AGE = 30;
+--------+------------+-----------+------+------------+------------+------+
| EMP_ID | FIRST_NAME | LAST_NAME | AGE  | DOJ        | ADDRESS    | DEPT |
+--------+------------+-----------+------+------------+------------+------+
| E002   | JANE       | SMITH     |   30 | 2023-02-15 | 456 OAK ST | HR   |
+--------+------------+-----------+------+------------+------------+------+
1 row in set (0.00 sec)

mysql> SELECT * FROM CODEGNAN_EMP WHERE DEPT = 'FINANCE';
+--------+------------+-----------+------+------------+-------------+---------+
| EMP_ID | FIRST_NAME | LAST_NAME | AGE  | DOJ        | ADDRESS     | DEPT    |
+--------+------------+-----------+------+------------+-------------+---------+
| E003   | BOB        | JOHNSON   |   35 | 2022-12-10 | 789 PINE ST | FINANCE |
+--------+------------+-----------+------+------------+-------------+---------+
1 row in set (0.00 sec)

mysql> SELECT * FROM CODEGNAN_EMP WHERE DOJ >= 2023-01-01;
+--------+------------+-----------+------+------------+-------------+---------+
| EMP_ID | FIRST_NAME | LAST_NAME | AGE  | DOJ        | ADDRESS     | DEPT    |
+--------+------------+-----------+------+------------+-------------+---------+
| E001   | JOHN       | DOE       |   20 | 2023-01-01 | 123 MAIN ST | IT      |
| E002   | JANE       | SMITH     |   30 | 2023-02-15 | 456 OAK ST  | HR      |
| E003   | BOB        | JOHNSON   |   35 | 2022-12-10 | 789 PINE ST | FINANCE |
+--------+------------+-----------+------+------------+-------------+---------+
3 rows in set, 1 warning (0.00 sec)

mysql> SELECT * FROM CODEGNAN_EMP WHERE DOJ >= '2023-01-01';
+--------+------------+-----------+------+------------+-------------+------+
| EMP_ID | FIRST_NAME | LAST_NAME | AGE  | DOJ        | ADDRESS     | DEPT |
+--------+------------+-----------+------+------------+-------------+------+
| E001   | JOHN       | DOE       |   20 | 2023-01-01 | 123 MAIN ST | IT   |
| E002   | JANE       | SMITH     |   30 | 2023-02-15 | 456 OAK ST  | HR   |
+--------+------------+-----------+------+------------+-------------+------+
2 rows in set (0.00 sec)

mysql> SELECT * FROM CODEGNAN_EMP WHERE DEPT = 'IT' AND AGE = 20;
+--------+------------+-----------+------+------------+-------------+------+
| EMP_ID | FIRST_NAME | LAST_NAME | AGE  | DOJ        | ADDRESS     | DEPT |
+--------+------------+-----------+------+------------+-------------+------+
| E001   | JOHN       | DOE       |   20 | 2023-01-01 | 123 MAIN ST | IT   |
+--------+------------+-----------+------+------------+-------------+------+
1 row in set (0.00 sec)

mysql> SELECT * FROM CODEGNAN_EMP WHERE DEPT = 'IT' AND AGE = 30;
Empty set (0.00 sec)

mysql> SELECT * FROM CODEGNAN_EMP WHERE AGE BETWEEN 20 AND 30;
+--------+------------+-----------+------+------------+-------------+------+
| EMP_ID | FIRST_NAME | LAST_NAME | AGE  | DOJ        | ADDRESS     | DEPT |
+--------+------------+-----------+------+------------+-------------+------+
| E001   | JOHN       | DOE       |   20 | 2023-01-01 | 123 MAIN ST | IT   |
| E002   | JANE       | SMITH     |   30 | 2023-02-15 | 456 OAK ST  | HR   |
+--------+------------+-----------+------+------------+-------------+------+
2 rows in set (0.00 sec)
